"trainer/global_step","ConvLoRA - _step","ConvLoRA - _step__MIN","ConvLoRA - _step__MAX","ConvLoRA - validation_loss","ConvLoRA - validation_loss__MIN","ConvLoRA - validation_loss__MAX","ALora - _step","ALora - _step__MIN","ALora - _step__MAX","ALora - validation_loss","ALora - validation_loss__MIN","ALora - validation_loss__MAX","QLoRA - _step","QLoRA - _step__MIN","QLoRA - _step__MAX","QLoRA - validation_loss","QLoRA - validation_loss__MIN","QLoRA - validation_loss__MAX","LoRA - _step","LoRA - _step__MIN","LoRA - _step__MAX","LoRA - validation_loss","LoRA - validation_loss__MIN","LoRA - validation_loss__MAX"
"66","1","1","1","19.572689056396484","19.572689056396484","19.572689056396484","1","1","1","15.291645050048828","15.291645050048828","15.291645050048828","1","1","1","8.639484405517578","8.639484405517578","8.639484405517578","1","1","1","7.622734546661377","7.622734546661377","7.622734546661377"
"133","4","4","4","18.8570499420166","18.8570499420166","18.8570499420166","4","4","4","14.32180404663086","14.32180404663086","14.32180404663086","4","4","4","4.9540324211120605","4.9540324211120605","4.9540324211120605","4","4","4","5.371722221374512","5.371722221374512","5.371722221374512"
"200","8","8","8","19.35636329650879","19.35636329650879","19.35636329650879","8","8","8","12.489706039428711","12.489706039428711","12.489706039428711","8","8","8","3.976045608520508","3.976045608520508","3.976045608520508","8","8","8","4.1432576179504395","4.1432576179504395","4.1432576179504395"
"267","11","11","11","19.306442260742188","19.306442260742188","19.306442260742188","11","11","11","10.541821479797363","10.541821479797363","10.541821479797363","11","11","11","3.990800380706787","3.990800380706787","3.990800380706787","11","11","11","3.8088560104370117","3.8088560104370117","3.8088560104370117"
"334","14","14","14","19.450971603393555","19.450971603393555","19.450971603393555","14","14","14","8.933490753173828","8.933490753173828","8.933490753173828","14","14","14","3.891355514526367","3.891355514526367","3.891355514526367","14","14","14","3.706697702407837","3.706697702407837","3.706697702407837"